ID,Distance,Elevation
1,0,-0.3814269019856852
2,2.7262102413633382,-0.12256259853202822
3,5.4524204827266765,-0.021605405726613597
4,8.178630724090015,0.016412206123715828
5,10.904840965453353,-0.10755317063941705
6,13.631051206816691,-0.4092102446621776
7,16.35726144818003,-0.21174509870473107
8,19.08347168954337,-0.14627007445162998
9,21.809681930906706,-0.12414600673266356
10,24.535892172270042,-0.037853914262897234
11,27.262102413633382,-0.010834116991619135
12,29.988312654996722,-0.049606451642549
13,32.71452289636006,-0.07377403014642443
14,35.44073313772339,-0.14155695063802498
15,38.16694337908674,-0.13992363823502602
16,40.89315362045007,-0.10876020488058973
17,43.61936386181341,-0.11241707777172322
18,46.34557410317675,-0.11221169969235104
19,49.071784344540085,-0.1399522087020746
20,51.79799458590343,-0.05769056361227962
21,54.524204827266765,-0.06707422326451248
22,57.250415068630105,-0.11476699783008373
23,59.976625309993445,-0.06535190407361886
24,62.702835551356785,-0.08646912767818568
25,65.42904579272012,-0.01932716786532539
26,68.15525603408345,0.012861028517751186
27,70.88146627544678,-0.1394935348279179
28,73.60767651681013,-0.11457241961216093
29,76.33388675817348,-0.1732597218429632
30,79.06009699953681,-0.11605513618633952
31,81.78630724090014,-0.059198559998297845
32,84.51251748226348,-0.17751819840890568
33,87.23872772362682,-0.04598423380666255
34,89.96493796499017,-0.033223074022716466
35,92.6911482063535,-0.09723886989695332
36,95.41735844771684,-0.12479164872081436
37,98.14356868908017,-0.18223795468553833
38,100.86977893044352,-0.14980603001331708
39,103.59598917180686,-0.09868007429315667
40,106.3221994131702,-0.12785116206294955
41,109.04840965453353,-0.24687759015645186
42,111.77461989589686,-0.15470856326733645
43,114.50083013726021,-0.11204473721653121
44,117.22704037862354,-0.044418464108424136
45,119.95325061998689,-0.023708831996596843
46,122.67946086135022,-0.025549754244203055
47,125.40567110271357,-0.039770972272822
48,128.1318813440769,-0.0724367637918824
49,130.85809158544023,-0.14551448368201683
50,133.58430182680357,-0.1225170893410201
51,136.3105120681669,-0.11746750537929262
52,139.03672230953026,-0.05199242516822172
53,141.76293255089357,-0.04254372502622889
54,144.48914279225693,-0.09287364221462047
55,147.21535303362026,-0.1402030671585659
56,149.9415632749836,-0.27288747364699933
57,152.66777351634695,-0.2665245638613114
58,155.39398375771026,-0.10040282454948177
59,158.12019399907362,-0.0569812582044231
60,160.84640424043695,-0.012262145819024935
61,163.5726144818003,-0.058329041496453606
62,166.29882472316365,-0.09173435866140627
63,169.02503496452695,0.008898914386701953
64,171.7512452058903,-0.04677227478084521
65,174.47745544725365,-0.09493081693403416
66,177.20366568861698,-0.12690491867461892
67,179.92987592998034,-0.1637344057656571
68,182.65608617134365,-0.025333992895863806
69,185.382296412707,0.01919004873771449
70,188.1085066540703,-0.12442481189985563
71,190.83471689543367,0.024500058608391575
72,193.56092713679703,-0.16048108604534025
73,196.28713737816034,-0.09755533646667763
74,199.0133476195237,-0.020017830914368706
75,201.73955786088703,-0.02684903385223982
76,204.46576810225037,0.0026079951446717157
77,207.19197834361373,0.05589460537831515
78,209.91818858497703,0.022264856463416968
79,212.6443988263404,-0.033106884314746836
80,215.37060906770373,-0.11207675600487324
81,218.09681930906706,-0.12386011718097384
82,220.8230295504304,-0.044346474095618094
83,223.54923979179372,0.050271988889154476
84,226.27545003315709,0.013904771579739812
85,229.00166027452042,-0.06713248546256387
86,231.72787051588375,-0.12119986004236757
87,234.45408075724708,-0.005128222270510005
88,237.18029099861042,0.012766458501285917
89,239.90650123997378,-0.2405044381523298
90,242.6327114813371,-0.35767055431915523
91,245.35892172270044,-0.1376222601897396
92,248.08513196406375,-0.04891491931113111
93,250.81134220542714,-0.09358795913602153
94,253.53755244679047,-0.0931832143533745
95,256.2637626881538,-0.1479703390694025
96,258.98997292951714,-0.1257741896436
97,261.71618317088047,-0.2527117999456674
98,264.4423934122438,-0.33133705052242834
99,267.16860365360714,-0.18924561646810856
100,269.8948138949705,-0.22536018694335808
101,272.6210241363338,-0.3026306340767526
102,275.34723437769713,-0.35732160041060046
103,278.0734446190605,-0.29680375171875245
104,280.79965486042386,-0.3164236075457383
105,283.52586510178713,-0.3292794982390188
106,286.2520753431505,-0.19098788770614225
107,288.97828558451386,-0.07592181898835204
108,291.7044958258772,-0.02608596238603455
109,294.4307060672405,-0.054592153100394385
110,297.15691630860385,-0.0893774079429025
111,299.8831265499672,-0.3810417093719152
112,302.6093367913305,-0.4500741395351594
113,305.3355470326939,-0.22697791920325108
114,308.06175727405724,-0.39784535133756127
115,310.7879675154205,-0.315059915233874
116,313.5141777567839,-0.37481273304927154
117,316.24038799814724,-0.279359613220955
118,318.9665982395106,-0.043291357876102506
119,321.6928084808739,-0.35157984812822124
120,324.41901872223724,-0.36206340068308135
121,327.1452289636006,-0.16225310541978064
122,329.8714392049639,-0.10989268402780063
123,332.5976494463273,-0.04749626717519311
124,335.32385968769063,-0.1047104183775271
125,338.0500699290539,-0.1571898114358642
126,340.7762801704173,-0.10200395845092824
127,343.5024904117806,-0.06541996609181222
128,346.22870065314396,-0.0521442086261769
129,348.9549108945073,-0.10344768364361466
130,351.6811211358706,-0.1922687174565572
131,354.40733137723396,-0.256123918083257
132,357.1335416185973,-0.1137162771507468
133,359.8597518599607,-0.12165917419125354
134,362.58596210132396,-0.23782012868610447
135,365.3121723426873,-0.11742511129749794
136,368.0383825840507,-0.08343163786017316
137,370.764592825414,-0.05105955731469738
138,373.49080306677735,-0.1646282096225598
139,376.2170133081406,-0.17901979989475683
140,378.943223549504,-0.1234809732950995
141,381.66943379086734,-0.1246678768610898
142,384.3956440322307,-0.1285390223158967
143,387.12185427359407,-0.13185949378235345
144,389.84806451495734,-0.09917406145429013
145,392.5742747563207,-0.03486732111434731
146,395.30048499768407,-0.09972041661438302
147,398.0266952390474,-0.08697942114021713
148,400.75290548041073,-0.161353732307611
149,403.47911572177406,-0.13934772331051734
150,406.2053259631374,-0.1044724479915443
151,408.93153620450073,-0.10366913658353535
152,411.65774644586406,-0.12449883867682394
153,414.38395668722745,-0.11644275479505276
154,417.11016692859073,-0.10672007977326432
155,419.83637716995406,-0.10194115119619489
156,422.56258741131745,-0.11029209206326043
157,425.2887976526808,-0.12966123981215266
158,428.0150078940441,-0.14127740679367662
159,430.74121813540745,-0.12355839262237475
160,433.4674283767708,-0.13388917828527375
161,436.1936386181341,-0.1300476025868136
162,438.91984885949745,-0.13479953870467903
163,441.6460591008608,-0.12277870696726294
164,444.3722693422241,-0.12768504145418452
165,447.09847958358745,-0.12232220984500061
166,449.82468982495084,-0.14279379059262204
167,452.55090006631417,-0.266216233708615
168,455.27711030767745,-0.17519618940295778
169,458.00332054904084,-0.09596955051074417
170,460.72953079040417,-0.01886050032853579
171,463.4557410317675,-0.04311710860205615
172,466.18195127313084,-0.026388977634632122
173,468.90816151449417,0.045539293117472984
174,471.6343717558575,0.17343203990589912
175,474.36058199722083,0.27321361534429955
176,477.0867922385842,0.2649663727775386
177,479.81300247994756,0.24762756755387333
178,482.53921272131083,0.18478548852802668
179,485.2654229626742,0.11816682824332678
180,487.99163320403756,0.24874039449822574
181,490.7178434454009,0.08301615144087311
182,493.4440536867642,0.2152258287259193
183,496.1702639281275,0.41033127911516387
184,498.89647416949094,0.5024154405167528
185,501.6226844108543,0.6071570785552222
186,504.3488946522176,0.7114521280349477
187,507.07510489358094,0.7566116568450767
188,509.8013151349442,0.8324390540307015
189,512.5275253763076,1.1019547900649584
190,515.2537356176708,1.2388002969103855
191,517.9799458590343,1.4499223414873073
192,520.7061561003976,1.6288586439253172
193,523.4323663417609,1.8097395799441562
194,526.1585765831243,2.1469151762241774
195,528.8847868244876,2.4179574298790465
196,531.6109970658509,2.710657699304406
197,534.3372073072143,3.0755459078226943
198,537.0634175485777,3.3218578243186956
199,539.789627789941,3.698712153712577
200,542.5158380313043,4.216679964006265
201,545.2420482726676,4.788480838587299
202,547.9682585140309,5.46369658908902
203,550.6944687553943,6.221237436252572
204,553.4206789967577,7.079178713396898
205,556.146889238121,7.941769827587445
206,558.8730994794844,8.854789996513636
207,561.5993097208477,9.83744162094287
208,564.325519962211,10.764868272394487
209,567.0517302035743,11.670411877352494
210,569.7779404449376,12.64075238296086
211,572.504150686301,13.68526642172579
212,575.2303609276644,14.686270049564405
213,577.9565711690277,15.663108018492613
214,580.682781410391,16.666818478701153
215,583.4089916517544,17.68005209434461
216,586.1352018931177,18.626593798775552
217,588.861412134481,19.520640866330364
218,591.5876223758445,20.319263597751615
219,594.3138326172077,21.169056192796475
220,597.040042858571,22.18797783974073
221,599.7662530999344,22.885496126935642
222,602.4924633412977,23.692414839713447
223,605.218673582661,24.694962895829033
224,607.9448838240245,25.64291378384457
225,610.6710940653878,26.381813833720507
226,613.3973043067512,26.724862017024858
227,616.1235145481145,25.568937067143146
228,618.8497247894778,24.98129009586075
229,621.575935030841,25.296183339698494
230,624.3021452722044,25.800364646097414
231,627.0283555135678,26.512116206049946
232,629.7545657549311,27.496408652254633
233,632.4807759962945,29.001057979118283
234,635.2069862376578,30.38686783821086
235,637.9331964790211,31.56579193145586
236,640.6594067203845,32.605712390177544
237,643.3856169617478,33.457753395550306
238,646.1118272031111,34.315014844067605
239,648.8380374444745,35.21420967665267
240,651.5642476858378,35.94246272271019
241,654.2904579272011,36.66482072657876
242,657.0166681685645,37.34946216370479
243,659.7428784099278,37.99681870353145
244,662.4690886512913,38.637990204413384
245,665.1952988926546,39.291083120393395
246,667.9215091340179,39.95963468179841
247,670.6477193753813,40.534084159200404
248,673.3739296167445,41.07706724872439
249,676.1001398581078,41.556281236280356
250,678.8263500994711,42.1044981261134
251,681.5525603408346,42.54805112959725
252,684.2787705821979,42.98776177731822
253,687.0049808235613,43.460442394884595
254,689.7311910649246,43.93745610354476
255,692.4574013062879,44.42761323848694
256,695.1836115476513,44.96643238533607
257,697.9098217890146,45.56958172207338
258,700.6360320303779,46.095095896448086
259,703.3622422717413,46.60084399304896
260,706.0884525131046,47.11298834011487
261,708.8146627544679,47.589216933075704
262,711.5408729958313,48.061770610710525
263,714.2670832371946,48.56139634019727
264,716.993293478558,48.99795549123404
265,719.7195037199214,49.49992490162548
266,722.4457139612847,49.94125233370488
267,725.1719242026479,50.48095407944744
268,727.8981344440112,51.0584180727128
269,730.6243446853746,51.60461384549322
270,733.3505549267379,52.19874154227792
271,736.0767651681014,52.74571740651694
272,738.8029754094647,53.403177674096625
273,741.529185650828,54.057617147776455
274,744.2553958921914,54.875335650559926
275,746.9816061335547,55.51348206143026
276,749.707816374918,56.03289043654174
277,752.4340266162812,56.344652793337886
278,755.1602368576447,56.275757010247965
279,757.886447099008,56.35972033901424
280,760.6126573403714,56.301045184062716
281,763.3388675817347,56.14864522201161
282,766.065077823098,56.12154014500875
283,768.7912880644614,56.05168475849156
284,771.5174983058248,56.26737215610807
285,774.2437085471881,56.027615377433605
286,776.9699187885515,55.79321204851022
287,779.6961290299147,55.75774690920363
288,782.422339271278,55.76437476902545
289,785.1485495126414,55.74307766957344
290,787.8747597540047,55.7044859237796
291,790.6009699953681,55.71303735653511
292,793.3271802367315,55.98109511946798
293,796.0533904780948,55.65528528591887
294,798.7796007194581,55.547594336487606
295,801.5058109608215,55.58269124961417
296,804.2320212021847,55.690064511398774
297,806.9582314435481,55.86939762878974
298,809.6844416849115,56.005936531514735
299,812.4106519262748,56.18438363710594
300,815.1368621676381,56.369799859205024
301,817.8630724090015,56.61694717331636
302,820.5892826503648,56.62879381757551
303,823.3154928917281,56.69373071653157
304,826.0417031330916,56.53825499138336
305,828.7679133744549,56.12865803237602
306,831.4941236158181,55.652474047259325
307,834.2203338571815,55.045883979265554
308,836.9465440985448,54.239084733500285
309,839.6727543399081,53.179349595122545
310,842.3989645812715,52.430005962831814
311,845.1251748226349,51.8543788052819
312,847.8513850639982,51.77604966668415
313,850.5775953053616,51.53099767935083
314,853.3038055467249,51.364755826099724
315,856.0300157880882,51.18976386080875
316,858.7562260294515,51.24724856309919
317,861.4824362708149,51.128988604014594
318,864.2086465121782,50.98089174973219
319,866.9348567535416,50.76545302364157
320,869.6610669949049,50.644856642508934
321,872.3872772362682,50.59693444431812
322,875.1134874776316,50.41501384250972
323,877.8396977189949,50.244265718971306
324,880.5659079603583,50.122612324379816
325,883.2921182017216,50.105954714183824
326,886.0183284430849,49.94768063827451
327,888.7445386844482,49.933101757484245
328,891.4707489258116,49.89444596549346
329,894.1969591671749,49.958763957110165
330,896.9231694085382,49.73290020992401
331,899.6493796499017,49.564513449867405
332,902.375589891265,49.41479964995849
333,905.1018001326283,49.0628853646902
334,907.8280103739917,48.68511585033176
335,910.5542206153549,48.280918202792265
336,913.2804308567182,47.99025179568911
337,916.0066410980817,48.196475687107586
338,918.732851339445,48.03194039091471
339,921.4590615808083,48.26017538949631
340,924.1852718221717,48.207778851158444
341,926.911482063535,48.068364958126345
342,929.6376923048983,48.063403795407595
343,932.3639025462617,47.9400133227943
344,935.0901127876251,47.85112314155372
345,937.8163230289883,47.91418043504144
346,940.5425332703517,48.29942175236593
347,943.268743511715,48.3837593960295
348,945.9949537530783,48.215402280909466
349,948.7211639944417,47.97646532194676
350,951.447374235805,46.840868620871916
351,954.1735844771684,46.33716670916143
352,956.8997947185318,46.228660296956114
353,959.6260049598951,46.210386157135225
354,962.3522152012583,46.259181858166635
355,965.0784254426217,46.24502746279708
356,967.804635683985,46.23853363783131
357,970.5308459253484,46.188977438957004
358,973.2570561667118,46.31451181029185
359,975.9832664080751,46.25696880290269
360,978.7094766494384,46.29391665573502
361,981.4356868908018,46.23439060581907
362,984.1618971321651,46.22296679324383
363,986.8881073735284,46.27207895495209
364,989.6143176148918,46.23494042890304
365,992.340527856255,46.153700791942825
366,995.0667380976184,46.00606653038882
367,997.7929483389819,45.86354267648822
368,1000.5191585803451,46.37759913278356
369,1003.2453688217086,46.24057754491893
370,1005.9715790630718,45.854209148316166
371,1008.6977893044352,45.8005202655268
372,1011.4239995457984,45.857733886581286
373,1014.1502097871619,45.69739482462909
374,1016.8764200285252,45.34180344973996
375,1019.6026302698884,45.38401983673235
376,1022.3288405112519,45.73275698059723
377,1025.0550507526152,46.23671230220661
378,1027.7812609939785,46.83585196768872
379,1030.5074712353417,47.74650249167336
380,1033.2336814767052,48.36020481169763
381,1035.9598917180685,48.8722667711364
382,1038.6861019594319,49.150596692719404
383,1041.4123122007952,49.034200332239024
384,1044.1385224421585,49.040890921291094
385,1046.8647326835219,48.693514630680404
386,1049.5909429248852,48.232284437337164
387,1052.3171531662485,47.62078155421361
388,1055.0433634076119,46.487623823540176
389,1057.7695736489752,45.10354690664026
390,1060.4957838903385,43.65097076990324
391,1063.2219941317019,42.13211498714726
392,1065.9482043730652,40.6095067669338
393,1068.6744146144285,39.27924062556595
394,1071.4006248557919,38.131527012194255
395,1074.1268350971554,36.63493224146719
396,1076.8530453385185,35.46730542858087
397,1079.579255579882,34.485488660631205
398,1082.3054658212452,33.542867835440674
399,1085.0316760626085,33.03894282790306
400,1087.7578863039719,32.6559529370429
401,1090.4840965453352,32.049487744748404
402,1093.2103067866988,31.5693814841482
403,1095.9365170280619,31.197768747097456
404,1098.6627272694254,30.774811213648768
405,1101.3889375107885,30.49022422517591
406,1104.115147752152,29.97710442610597
407,1106.8413579935154,29.32310606577634
408,1109.5675682348785,28.8491417347239
409,1112.293778476242,28.59748225773161
410,1115.0199887176052,28.427386445366928
411,1117.7461989589688,28.280499873735927
412,1120.4724092003319,28.126941618358728
413,1123.1986194416954,27.98040757613261
414,1125.9248296830588,27.924051617857565
415,1128.651039924422,27.881997941797284
416,1131.3772501657854,27.81559118452882
417,1134.1034604071485,27.690219222065014
418,1136.829670648512,27.664120090041745
419,1139.5558808898752,27.62103062771101
420,1142.2820911312388,27.5187973204793
421,1145.008301372602,27.592879233667947
422,1147.7345116139654,27.790305953457214
423,1150.4607218553288,27.85707136730089
424,1153.186932096692,27.82005873101334
425,1155.9131423380554,27.940892531113775
426,1158.6393525794188,28.305489098432027
427,1161.365562820782,28.65982214573258
428,1164.0917730621454,29.01258889095199
429,1166.8179833035088,29.51053290634151
430,1169.544193544872,30.091094404223092
431,1172.2704037862354,30.266102125657934
432,1174.9966140275988,30.858407626305137
433,1177.722824268962,30.61146252173318
434,1180.4490345103254,30.073909544786005
435,1183.175244751689,29.355685157819284
436,1185.901454993052,28.757662356254578
437,1188.6276652344154,28.149536119518686
438,1191.3538754757788,27.713995010152406
439,1194.080085717142,27.19694025020554
440,1196.8062959585056,26.682590859615367
441,1199.5325061998687,26.21386078431012
442,1202.2587164412323,25.78363956336559
443,1204.9849266825954,25.33305728518179
444,1207.711136923959,24.91608941785242
445,1210.437347165322,24.64898187747964
446,1213.1635574066854,24.401706464366995
447,1215.889767648049,24.181284278647077
448,1218.615977889412,23.86828204572398
449,1221.3421881307756,23.475858776730384
450,1224.0683983721387,23.197538395507245
451,1226.7946086135023,22.83549967644695
452,1229.5208188548654,22.365425961261675
453,1232.247029096229,22.11798261148727
454,1234.9732393375923,21.90548722008671
455,1237.6994495789556,21.580672769764533
456,1240.425659820319,21.240379651104956
457,1243.151870061682,20.84785211757835
458,1245.8780803030456,20.49226617458474
459,1248.6042905444087,20.11525611584988
460,1251.3305007857723,19.667868412478303
461,1254.0567110271356,19.210663811908667
462,1256.782921268499,18.782761741675703
463,1259.5091315098623,18.36153563017756
464,1262.2353417512256,17.90574090094842
465,1264.961551992589,17.363135814951185
466,1267.687762233952,16.689930016404695
467,1270.4139724753156,15.961055327290545
468,1273.140182716679,15.25054217189689
469,1275.8663929580423,14.60808758623319
470,1278.5926031994056,13.859933448032553
471,1281.318813440769,13.23218111377307
472,1284.0450236821323,12.457942463961828
473,1286.7712339234956,11.720602682633677
474,1289.497444164859,10.893982230484355
475,1292.2236544062223,10.234854976764407
476,1294.9498646475856,9.366723232914318
477,1297.676074888949,8.999310625020826
478,1300.4022851303123,8.543087775753547
479,1303.1284953716756,8.167776856527249
480,1305.8547056130392,7.93391578194161
481,1308.5809158544023,7.6635821788413985
482,1311.3071260957659,7.36493298140682
483,1314.033336337129,7.177979987229785
484,1316.7595465784925,7.047158188109166
485,1319.4857568198556,6.8141799000774075
486,1322.211967061219,6.534934355652273
487,1324.9381773025825,6.18274121793876
488,1327.6643875439456,6.032322340118034
489,1330.3905977853092,6.097591184984845
490,1333.1168080266723,6.089896808305698
491,1335.8430182680358,5.994019208113959
492,1338.569228509399,5.922719181002776
493,1341.2954387507625,5.828679155235887
494,1344.0216489921258,5.728144007816289
495,1346.747859233489,5.701558905909117
496,1349.4740694748525,5.7058547489150335
497,1352.2002797162156,5.721385203799529
498,1354.9264899575792,5.860821389504416
499,1357.6527001989423,6.750704008039708
500,1360.3789104403058,6.9020140158445775
501,1363.1051206816692,5.6648980070603585
502,1365.8313309230325,3.6170983789139086
503,1368.5575411643958,3.5424488270509116
504,1371.283751405759,3.6805874724307563
505,1374.0099616471225,6.142085852074145
506,1376.7361718884856,5.262392043909214
507,1379.4623821298492,5.194451121625455
508,1382.1885923712125,4.78776300323794
509,1384.9148026125758,4.722031295246037
510,1387.6410128539392,4.896277826928886
511,1390.3672230953025,4.94352402007657
512,1393.0934333366658,4.9315068853199335
513,1395.8196435780292,4.866939543924421
514,1398.5458538193925,4.795175900426542
515,1401.2720640607558,4.717946264838708
516,1403.9982743021192,4.6644376240874585
517,1406.7244845434825,4.61643431889428
518,1409.4506947848458,4.644560002037863
519,1412.1769050262092,4.57039858817758
520,1414.9031152675727,4.6425193165591585
521,1417.6293255089358,4.684501370589738
522,1420.3555357502994,4.730020125208548
523,1423.0817459916625,4.739246528318928
524,1425.8079562330258,5.078918083625526
525,1428.5341664743892,5.262633043299727
526,1431.2603767157525,5.423015902007242
527,1433.986586957116,5.549654789292408
528,1436.7127971984792,5.670282869123426
529,1439.4390074398427,5.634571220908885
530,1442.1652176812058,5.768459575565298
531,1444.8914279225694,5.65204522285654
532,1447.6176381639325,5.516232260610044
533,1450.3438484052958,5.42051430151514
534,1453.0700586466594,5.145087384150476
535,1455.7962688880225,4.990217731182659
536,1458.522479129386,4.8317782586402425
537,1461.2486893707492,4.739225470726602
538,1463.9748996121127,4.610942245177348
539,1466.7011098534758,4.510004707873476
540,1469.4273200948394,4.105486561521312
541,1472.1535303362027,3.795631646192701
542,1474.879740577566,3.710858251247611
543,1477.6059508189294,3.615716511926986
544,1480.3321610602925,3.494307265988031
545,1483.058371301656,3.432679796969212
546,1485.7845815430192,3.3229177899011586
547,1488.5107917843827,3.9267465754597946
548,1491.237002025746,4.122228951452356
549,1493.9632122671094,4.226696798786556
550,1496.6894225084727,3.8330473945853907
551,1499.415632749836,3.155376989563544
552,1502.1418429911994,2.8640381307888565
553,1504.8680532325625,2.637763135671297
554,1507.594263473926,2.4969210002364024
555,1510.3204737152894,2.380990122510714
556,1513.0466839566527,2.2257858427581794
557,1515.772894198016,2.097855239493322
558,1518.4991044393794,2.0345098110819615
559,1521.2253146807427,1.9577455075390209
560,1523.9515249221063,1.8827185153119217
561,1526.6777351634694,1.7957754082574888
562,1529.4039454048327,1.7192090005491507
563,1532.130155646196,1.6508211338911551
564,1534.8563658875594,1.5864425226554855
565,1537.5825761289227,1.518860431070332
566,1540.308786370286,1.4755290122311844
567,1543.0349966116496,1.387422874820544
568,1545.7612068530127,1.338505015452948
569,1548.4874170943763,1.2908155363141514
570,1551.2136273357394,1.2624491003741127
571,1553.939837577103,1.2187766515515412
572,1556.666047818466,1.168648619388096
573,1559.3922580598294,1.1655929931091062
574,1562.118468301193,1.1732137721238043
575,1564.844678542556,1.1851625638872096
576,1567.5708887839196,1.1804633134250195
577,1570.2970990252827,1.1032003697897292
578,1573.0233092666463,0.9919354178491457
579,1575.7495195080094,0.44411807201164466
580,1578.475729749373,0.2636875837730636
581,1581.2019399907363,0.2581634397830424
582,1583.9281502320994,0.21724115488936332
583,1586.654360473463,0.2194041253616871
584,1589.380570714826,1.102696892066786
585,1592.1067809561896,1.105805167022338
586,1594.8329911975527,1.139635944444286
587,1597.5592014389163,1.1527340667038266
588,1600.2854116802796,1.1425312017973506
589,1603.011621921643,1.1496676838703972
590,1605.7378321630063,1.1342100762747342
591,1608.4640424043694,1.0808569890982014
592,1611.190252645733,1.0992322222009383
593,1613.9164628870963,1.1128254755873193
594,1616.6426731284596,1.069726843508384
595,1619.368883369823,1.0255934060481433
596,1622.0950936111863,0.9900011357560243
597,1624.8213038525496,0.9667923304103461
598,1627.547514093913,0.9464232511882281
599,1630.2737243352763,0.9357154789289821
600,1632.9999345766398,0.9509352352495316
601,1635.726144818003,0.9349886339707855
602,1638.4523550593663,0.9136981809651568
603,1641.1785653007296,0.8852567348805842
604,1643.904775542093,0.8929628974170403
605,1646.6309857834563,0.8896733607381506
606,1649.3571960248196,0.9044122655955813
607,1652.0834062661831,0.906380283561353
608,1654.8096165075463,0.8833844060656025
609,1657.5358267489098,0.8429359574053721
610,1660.262036990273,0.7934322355737715
611,1662.9882472316363,0.7552422546818042
612,1665.7144574729996,0.7044982404503888
613,1668.440667714363,0.7044306952728772
614,1671.1668779557265,0.7360144286773711
615,1673.8930881970896,0.8174467559750537
616,1676.6192984384531,0.8926210449284766
617,1679.3455086798162,0.9547959222561196
618,1682.0717189211798,0.9797459490878752
619,1684.797929162543,1.0140568809134052
620,1687.5241394039062,0.9786066314305326
621,1690.2503496452698,0.9449372941785863
622,1692.976559886633,0.9650563663930105
623,1695.7027701279965,1.0044117368369503
624,1698.4289803693596,0.9664572934357745
625,1701.1551906107231,0.9383296448402199
626,1703.8814008520862,0.8857413260230014
627,1706.6076110934498,0.7867992528456643
628,1709.3338213348131,0.8385764230052228
629,1712.0600315761765,0.8286002425203862
630,1714.7862418175398,0.8588752756161169
631,1717.512452058903,0.868992977383837
632,1720.2386623002665,0.8034972405174758
633,1722.9648725416298,0.7916596726957448
634,1725.6910827829931,0.7751973546817026
635,1728.4172930243565,0.7898187551648334
636,1731.1435032657198,0.7895025156616136
637,1733.8697135070831,0.7389672795824609
638,1736.5959237484465,0.7219662185535874
639,1739.3221339898098,0.7560316916317174
640,1742.0483442311731,0.7838512388296963
641,1744.7745544725365,0.7038137032939629
642,1747.5007647138998,0.8648209598932769
643,1750.2269749552631,1.0946304979558352
644,1752.9531851966265,0.906719950745229
645,1755.6793954379898,0.832260228667105
646,1758.4056056793531,0.8699549542797796
647,1761.1318159207167,0.9593803733339872
648,1763.8580261620798,0.9404829734581539
649,1766.5842364034431,0.8907629730367765
650,1769.3104466448065,0.9064661079473351
651,1772.0366568861698,0.9583396353200513
652,1774.7628671275331,0.8587669143138443
653,1777.4890773688965,0.8506588639054923
654,1780.21528761026,0.9115803737595923
655,1782.9414978516231,0.9263417392638817
656,1785.6677080929867,0.9309307734422312
657,1788.3939183343498,0.911469561267819
658,1791.1201285757134,0.8884062564408997
659,1793.8463388170765,0.8863920560016663
660,1796.5725490584398,0.8449942683794676
661,1799.2987592998034,0.707478573087474
662,1802.0249695411665,0.6539985394313519
663,1804.75117978253,0.6321226562102635
664,1807.4773900238931,0.7232295006363061
665,1810.2036002652567,0.8385941829049459
666,1812.9298105066198,0.9618005202437958
667,1815.6560207479833,0.9086422152383388
668,1818.3822309893467,0.7572169739050943
669,1821.1084412307098,0.720898042860347
670,1823.8346514720733,0.6706259170723388
671,1826.5608617134365,0.729778257005604
672,1829.2870719548,0.7912479846793166
673,1832.0132821961633,0.8806841590607248
674,1834.7394924375267,0.9776475631140562
675,1837.46570267889,0.9635976473022418
676,1840.1919129202533,1.0134884253049665
677,1842.9181231616167,1.0921201714842843
678,1845.6443334029798,1.0128972225133597
679,1848.3705436443433,1.0718628254937457
680,1851.0967538857067,1.3290043496109056
681,1853.82296412707,1.3529471924189103
682,1856.5491743684333,0.9783031883830396
683,1859.2753846097967,0.7602162880537355
684,1862.00159485116,0.8396577837840715
685,1864.7278050925233,0.8947560571486795
686,1867.4540153338867,0.9969550268787822
687,1870.1802255752502,1.076729480217381
688,1872.9064358166133,0.7207438209850772
689,1875.6326460579767,0.6612989437778668
690,1878.35885629934,0.6432393513132016
691,1881.0850665407033,0.580746893684677
692,1883.8112767820667,0.6003826743779352
693,1886.53748702343,0.6038756248152359
694,1889.2636972647936,0.6231337839247646
695,1891.9899075061567,0.5043268201602893
696,1894.7161177475202,0.51760437742198
697,1897.4423279888833,0.5109704000062413
698,1900.1685382302467,0.6060456798973852
699,1902.89474847161,0.8010477555903316
700,1905.6209587129733,1.0656039273254918
701,1908.347168954337,1.3881393662274175
702,1911.0733791957,1.6440973060855328
703,1913.7995894370636,1.4474241848782008
704,1916.5257996784267,1.1217798075170913
705,1919.2520099197902,0.9224087009966782
706,1921.9782201611533,0.7750903116954799
707,1924.7044304025167,0.9075799195377883
708,1927.4306406438802,0.8634034322013681
709,1930.1568508852433,1.1015232671337234
710,1932.883061126607,1.164456916727318
711,1935.60927136797,1.0306429604553697
712,1938.3354816093336,0.8643237552173726
713,1941.061691850697,0.7488037532714372
714,1943.7879020920602,0.576076348027552
715,1946.5141123334236,0.5189353010667884
716,1949.240322574787,0.5676037122951162
717,1951.9665328161502,0.6208247063484837
718,1954.6927430575133,0.7157623807992156
719,1957.4189532988769,0.3102955530098469
720,1960.1451635402402,0.0013375066168914993
721,1962.8713737816036,0.00738816856080347
722,1965.5975840229669,0.3350798930614241
723,1968.3237942643302,0.8698630834151699
724,1971.0500045056936,1.025119421100291
725,1973.7762147470569,0.66331514776701
726,1976.5024249884202,0.580025264926461
727,1979.2286352297835,0.6398404659725219
728,1981.954845471147,0.9356448842837866
729,1984.68105571251,0.9376049558637775
730,1987.4072659538735,0.5897085391728645
731,1990.1334761952369,0.7300246030957729
732,1992.8596864366004,0.9407444056709318
733,1995.5858966779638,0.8755124327274219
734,1998.3121069193269,0.9882190938398607
735,2001.0383171606902,1.246137697683092
736,2003.7645274020535,1.6998137889959586
737,2006.490737643417,2.2326836441113955
738,2009.21694788478,2.9152929397460614
739,2011.9431581261435,3.412360651659805
740,2014.6693683675069,3.8876676577344793
741,2017.3955786088704,4.552518251806265
742,2020.1217888502338,5.320813638523595
743,2022.8479990915969,6.007812111352549
744,2025.5742093329602,6.890980773879979
745,2028.3004195743238,7.791140764426332
746,2031.026629815687,8.734262313080166
747,2033.7528400570504,9.763046922756164
748,2036.4790502984135,10.811152360880056
749,2039.2052605397769,10.788172445589105
750,2041.9314707811404,11.021997677097062
751,2044.6576810225038,10.818736995169582
752,2047.3838912638669,10.19522351292598
753,2050.1101015052304,9.551803375290383
754,2052.8363117465938,7.792564768515894
755,2055.562521987957,6.444240197425407
756,2058.2887322293204,5.800719919637919
757,2061.0149424706833,4.466010824702385
758,2063.741152712047,3.7432300664961247
759,2066.4673629534104,3.802957097383791
760,2069.1935731947738,4.333108788787886
761,2071.919783436137,3.0497609470046383
762,2074.6459936775004,2.2815252241609634
763,2077.3722039188638,2.1877765915848926
764,2080.098414160227,2.504739081029329
765,2082.8246244015904,2.038035263224464
766,2085.5508346429538,1.503768362049478
767,2088.277044884317,0.9174153541916081
768,2091.0032551256804,0.12833980792329994
769,2093.7294653670438,-0.09136766273715588
770,2096.455675608407,-0.023515942832881605
771,2099.1818858497704,0.094003863843892
772,2101.9080960911338,0.278752318421132
773,2104.634306332497,0.455731641232442
774,2107.3605165738604,0.5696869614277356
775,2110.0867268152238,0.4455444824242905
776,2112.812937056587,0.40771634723802397
777,2115.5391472979504,0.30692488473385715
778,2118.2653575393138,0.2385658928884206
779,2120.991567780677,0.16993373853928578
780,2123.717778022041,0.0970363139381856
781,2126.4439882634038,0.05281575996766108
782,2129.170198504767,0.05854185863854659
783,2131.8964087461304,0.04250353820769318
784,2134.6226189874938,0.03986732165955051
785,2137.348829228857,0.014058212458682901
786,2140.0750394702204,0.021297825293422532
787,2142.8012497115838,0.026448073780518222
788,2145.527459952947,-0.006400361543245265
789,2148.253670194311,-0.011550041359438854
790,2150.9798804356737,0.0042241040986059405
791,2153.706090677037,0.02674460396493469
792,2156.4323009184004,0.016554489399170168
793,2159.158511159764,0.0009449970555239607
794,2161.8847214011275,-0.0024895219237959375
795,2164.6109316424904,0.016681431154566117
796,2167.3371418838537,0.009598075861848333
797,2170.063352125217,-0.006830237716249937
798,2172.789562366581,-0.008027010445313598
799,2175.5157726079437,-0.013274651872109751
800,2178.241982849307,-0.003040078790875822
801,2180.9681930906704,0.004424789824919268
802,2183.694403332034,0.012179661698788492
803,2186.4206135733975,0.00555801455779906
804,2189.1468238147604,-0.003005068844682747
805,2191.8730340561237,-0.018982329559208054
806,2194.599244297487,0.005928233593167144
807,2197.325454538851,0.018471259237029324
808,2200.051664780214,0.014614894005357822
809,2202.777875021577,0.02677812489344109
810,2205.5040852629404,0.011284720190859444
811,2208.230295504304,-0.0016339856898213469
812,2210.9565057456675,-0.009234189913502725
813,2213.682715987031,-0.0005617699218888389
814,2216.4089262283937,0.035461855854209516
815,2219.135136469757,0.049077235286333676
816,2221.861346711121,0.08461966508047991
817,2224.587556952484,0.11627395290347234
818,2227.313767193847,0.15894139764596907
819,2230.0399774352104,0.17603217171201277
820,2232.766187676574,0.18378786173916914
821,2235.4923979179375,0.20165758694331712
822,2238.218608159301,0.2722483789471191
823,2240.9448184006637,0.36581906124896013
824,2243.671028642027,0.4127533553674483
825,2246.397238883391,0.40979249252090216
826,2249.123449124754,0.4280847080147502
827,2251.8496593661175,0.45345087690355745
828,2254.5758696074804,0.4674963233465748
829,2257.302079848844,0.5130744138188856
830,2260.0282900902075,0.5384492000195906
831,2262.754500331571,0.5426739150273852
832,2265.4807105729337,0.4056748109245424
833,2268.206920814297,0.29335995812203974
834,2270.933131055661,0.18403915924572012
835,2273.659341297024,0.11626905617930411
836,2276.3855515383875,0.035181671233586675
837,2279.1117617797504,-0.10714758115802935
838,2281.837972021114,-0.18375227122446397
839,2284.5641822624775,0.058511693356299826
840,2287.290392503841,0.2527344893746488
841,2290.016602745204,0.5257992176367194
842,2292.7428129865675,0.7644118259432464
843,2295.469023227931,0.6942801434033175
844,2298.195233469294,0.6013313948863892
845,2300.9214437106575,0.6881290835085287
846,2303.647653952021,0.6731209448789766
847,2306.373864193384,0.5317086689636223
848,2309.1000744347475,0.333097885589939
849,2311.826284676111,0.03546183585622006
850,2314.552494917474,-0.1338146466959243
851,2317.2787051588375,-0.001920082096589297
852,2320.004915400201,-0.005149191344270218
853,2322.731125641564,-0.0063568753807084315
854,2325.4573358829275,-0.021424891073078295
855,2328.183546124291,-0.009457529556155093
856,2330.909756365654,0.007811718747487441
857,2333.6359666070175,0.09097290346966548
858,2336.362176848381,0.12541899509807675
859,2339.088387089744,0.11822313622212274
860,2341.814597331108,0.10289483148327393
861,2344.540807572471,0.09622785960054522
862,2347.267017813834,0.07367922292480622
863,2349.9932280551975,0.08188822411912365
864,2352.719438296561,0.07374537643324638
865,2355.445648537924,0.05352330642917783
866,2358.1718587792875,0.06088419520267184
867,2360.898069020651,0.04234991411212929
868,2363.624279262014,0.04496430551686701
869,2366.350489503378,0.12913572139943236
870,2369.076699744741,0.4102034144283478
871,2371.802909986104,0.5167404588398268
872,2374.5291202274675,0.49590618711423573
873,2377.255330468831,0.3813346404744509
874,2379.9815407101946,0.37342134702724394
875,2382.7077509515575,0.184436223094476
876,2385.433961192921,0.0653645353276647
877,2388.160171434284,0.07780349164402504
878,2390.886381675648,0.08325552817097064
879,2393.6125919170113,0.00906344904217446
880,2396.338802158374,-0.04251568224678399
881,2399.0650123997375,0.18278899364387557
882,2401.791222641101,0.12518445255799504
883,2404.5174328824646,0.08446542968656134
884,2407.2436431238275,0.08135268515128409
885,2409.969853365191,-0.053577607854724374
886,2412.696063606554,-0.27867410403491755
887,2415.422273847918,-0.057824486837830626
888,2418.1484840892813,0.2133517372658272
889,2420.874694330644,0.47047005343769965
890,2423.6009045720075,0.9170165226852574
891,2426.327114813371,1.4392681260413245
892,2429.0533250547346,2.1143136591872835
893,2431.779535296098,3.2401940434002263
894,2434.505745537461,3.4711579437177815
895,2437.231955778824,3.84666860725404
896,2439.958166020188,4.405527869148592
897,2442.6843762615513,5.031688942647971
898,2445.410586502914,5.0421057753592695
899,2448.1367967442775,3.8371311176344944
900,2450.8630069856413,2.8320165248411153
901,2453.5892172270046,2.1055781284649244
902,2456.315427468368,1.5847846415303195
903,2459.041637709731,1.199460259782512
904,2461.767847951094,1.0408468065495275
905,2464.494058192458,1.0215541573401945
906,2467.2202684338213,0.9849005236370424
907,2469.9464786751846,0.8964090005026808
908,2472.6726889165475,0.8332061553816309
909,2475.3988991579113,0.8660465719635118
910,2478.1251093992746,1.0131574818926936
911,2480.851319640638,1.076962347182422
912,2483.577529882001,0.8728836719181564
913,2486.303740123364,0.28257545751229846
914,2489.029950364728,-0.007761266259455625
915,2491.7561606060913,0.17107268452058055
916,2494.4823708474546,0.6130386086260967
917,2497.2085810888175,1.751980980666976
918,2499.9347913301813,4.564035222650281
919,2502.6610015715446,5.424619236199322
920,2505.387211812908,5.758280475292636
921,2508.1134220542713,5.864857967965449
922,2510.839632295634,5.818905279471816
923,2513.565842536998,5.52467882707343
924,2516.2920527783613,4.999603988027436
925,2519.0182630197246,4.513336767620646
926,2521.744473261088,3.883327061878463
927,2524.4706835024513,2.7714671231970076
928,2527.1968937438146,0.08700462053055887
929,2529.923103985178,0.7510351355295206
930,2532.6493142265413,0.83626701566281
931,2535.375524467904,0.9726889543329539
932,2538.101734709268,1.836519026734961
933,2540.8279449506313,2.9171196991930097
934,2543.5541551919946,2.8103757978036126
935,2546.280365433358,2.3699416538500193
936,2549.0065756747213,1.9925945304896775
937,2551.7327859160846,2.0204744054147667
938,2554.458996157448,2.2210765724783705
939,2557.1852063988113,3.0415185402177825
940,2559.9114166401746,4.149134816386374
941,2562.637626881538,4.792976123796843
942,2565.3638371229013,4.922886674051826
943,2568.0900473642646,5.3798081991450175
944,2570.816257605628,5.352625060347379
945,2573.5424678469913,4.95815404669798
946,2576.2686780883546,4.970107763816592
947,2578.994888329718,5.135267796023035
948,2581.7210985710813,5.485258632281735
949,2584.4473088124446,5.757498440461577
950,2587.173519053808,5.664413438142454
951,2589.8997292951713,5.506256699032741
952,2592.6259395365346,5.368538302237665
953,2595.352149777898,5.070592375974739
954,2598.0783600192617,3.652782719326473
955,2600.8045702606246,2.468775920498959
956,2603.530780501988,1.6871908513418332
957,2606.2569907433513,1.2656223873465786
958,2608.9832009847146,1.0765563356862757
959,2611.7094112260784,0.9820328018641298
960,2614.4356214674413,0.9215373250950779
961,2617.1618317088046,0.8973239267283196
962,2619.888041950168,0.8227855796712333
963,2622.6142521915317,0.8502274390541661
964,2625.3404624328946,1.0206291384458008
965,2628.066672674258,1.0607284113149136
966,2630.7928829156212,1.110229971088823
967,2633.519093156985,0.7602287318853578
968,2636.2453033983484,0.8593722931102241
969,2638.9715136397112,1.1368780555107612
970,2641.6977238810746,1.328569200937289
971,2644.423934122438,1.4422611123198104
972,2647.1501443638017,1.6610348596665403
973,2649.876354605165,1.72387941078999
974,2652.602564846528,1.8274548167964517
975,2655.3287750878912,1.5868143540268393
976,2658.054985329255,1.601256339087559
977,2660.7811955706184,1.3802016441838647
978,2663.5074058119812,1.043482276250118
979,2666.2336160533446,-0.045046875723783325
980,2668.959826294708,0.2028349286346066
981,2671.6860365360717,0.28705783560211406
982,2674.412246777435,0.19534085640628135
983,2677.138457018798,0.19268317961848477
984,2679.8646672601612,0.15716861383815728
985,2682.590877501525,0.13365513138042348
986,2685.3170877428884,0.12679477787261448
987,2688.0432979842517,0.10846181487899965
988,2690.7695082256146,0.08300194914139665
989,2693.495718466978,0.043002243791237425
990,2696.2219287083417,0.01934143775376738
991,2698.948138949705,0.01616910905925747
992,2701.674349191068,-0.012077736280125604
993,2704.4005594324312,-0.037382185418156084
994,2707.126769673795,-0.041081842418357384
995,2709.8529799151584,-0.03682356890744642
996,2712.5791901565217,-0.02340637779470846
997,2715.3054003978846,-0.03466932071640597
998,2718.031610639248,-0.02693317882338292
999,2720.7578208806117,-0.021968573416203164
1000,2723.484031121975,-0.009069999157810293
1001,2726.2102413633384,-0.020584833219449032
1002,2728.9364516047012,-0.028370499056971123
1003,2731.662661846065,-0.03677695554782137
1004,2734.3888720874284,-0.034999399526929056
1005,2737.1150823287917,-0.02168883590461371
1006,2739.841292570155,0.0009618786241817579
1007,2742.567502811518,0.019066797406435968
1008,2745.2937130528817,0.01618214506164925
1009,2748.019923294245,0.037138173673001866
1010,2750.7461335356084,0.043957072204171777
1011,2753.4723437769712,0.03828925396474563
1012,2756.198554018335,0.04967872005356906
1013,2758.9247642596983,0.07715697680183457
1014,2761.6509745010617,0.08061146280832897
1015,2764.377184742425,0.08928901266108381
1016,2767.1033949837883,0.10016605340489498
1017,2769.8296052251517,0.11467592006023257
1018,2772.555815466515,0.08968793983528812
1019,2775.2820257078783,0.09114036297464988
1020,2778.0082359492417,0.06303936509872542
1021,2780.734446190605,0.031064357399244256
1022,2783.4606564319683,0.030074787227293023
1023,2786.1868666733317,0.03136235640954757
1024,2788.913076914695,0.026925180579729202
1025,2791.6392871560583,0.013497930955689436
1026,2794.3654973974217,0.05126783906799166
1027,2797.091707638785,0.09768227221984457
1028,2799.8179178801483,0.11414863369772954
1029,2802.5441281215117,0.030844246481387484
1030,2805.270338362875,0.030242089761898357
1031,2807.9965486042383,-0.008343497774740662
1032,2810.7227588456017,-0.017810108242767443
1033,2813.448969086965,0.04624827856563696
1034,2816.175179328329,0.18624094046913858
1035,2818.9013895696917,0.31046259851369484
1036,2821.627599811055,0.3070566382295523
1037,2824.3538100524183,0.586577983307157
1038,2827.0800202937817,1.7180476089673415
1039,2829.8062305351455,2.7517292749273428
1040,2832.5324407765083,1.065311391071026
1041,2835.2586510178717,0.39128503865405917
1042,2837.984861259235,0.3892894606260452
1043,2840.711071500599,0.30374981085095726
1044,2843.4372817419617,0.25440684851720413
1045,2846.163491983325,0.17710733196044118
1046,2848.8897022246883,0.10650795541534465
1047,2851.6159124660517,0.11985855238872187
1048,2854.3421227074155,0.10816848580677588
1049,2857.0683329487783,0.09668318521204561
1050,2859.7945431901417,0.10430185541079667
1051,2862.520753431505,0.08791410116786161
1052,2865.246963672869,0.12554963842388228
1053,2867.973173914232,0.2309357681655965
1054,2870.699384155595,0.23610557438870794
1055,2873.4255943969583,0.2241845007160535
1056,2876.1518046383217,0.18064483166027884
1057,2878.8780148796855,0.10770691420698345
1058,2881.6042251210483,0.043612163805262234
1059,2884.3304353624117,0.008430578673538634
1060,2887.056645603775,-0.10292966017700014
1061,2889.782855845139,-0.17147352015970718
1062,2892.509066086502,-0.14840879707537255
1063,2895.235276327865,-0.12284368873564011
1064,2897.9614865692283,-0.061590870600925544
1065,2900.6876968105917,-0.02825381480004073
1066,2903.4139070519554,-0.02190178606924383
1067,2906.140117293319,-0.013940548026683111
1068,2908.8663275346817,0.011246661050658514
1069,2911.592537776045,0.058729156412027764
1070,2914.318748017409,0.09873194023190174
1071,2917.044958258772,0.09062215126260575
1072,2919.7711685001354,0.07037287995006582
1073,2922.4973787414983,0.06572032226795599
1074,2925.223588982862,0.05121062434813092
1075,2927.9497992242254,0.02640878991599266
1076,2930.676009465589,0.01219919414217821
1077,2933.4022197069517,0.0020840849378437735
1078,2936.128429948315,0.0140285360496604
1079,2938.854640189679,-0.009710034775384964
1080,2941.580850431042,-0.008000718300246134
1081,2944.3070606724054,0.004980290218504667
1082,2947.0332709137683,-0.004855180246803
1083,2949.759481155132,-0.029158166977569462
1084,2952.4856913964954,0.009826180195695254
1085,2955.211901637859,-0.009349529672681042
1086,2957.938111879222,-0.01933543645074562
1087,2960.664322120585,-0.04337038986865574
1088,2963.3905323619488,-0.06933135301425664
1089,2966.116742603312,-0.05171650013170381
1090,2968.8429528446754,-0.05862030183099212
1091,2971.5691630860383,-0.029336078499723854
1092,2974.295373327402,-0.02175707187056107
1093,2977.0215835687654,-0.0035951136380142973
1094,2979.7477938101288,-0.05702359295676841
1095,2982.474004051492,-0.028801369175551962
1096,2985.200214292855,-0.04570296883148082
1097,2987.9264245342188,0.00606573538944638
1098,2990.652634775582,-0.018254457794749282
1099,2993.3788450169454,-0.03405455713431889
1100,2996.1050552583088,-0.045163240015055756
1101,2998.831265499672,-0.014936518046131518
1102,3001.5574757410354,-0.008481316512153458
1103,3004.2836859823988,-0.01856209303158067
1104,3007.009896223762,-0.08071250740424693
1105,3009.736106465125,-0.08811337713946918
1106,3012.4623167064888,0.02005593381877648
1107,3015.188526947852,0.2117350734031203
1108,3017.9147371892154,0.3491645528272451
1109,3020.6409474305788,0.4126923700023723
1110,3023.367157671942,0.48384062561741725
1111,3026.0933679133054,0.5574041847131811
1112,3028.8195781546688,0.5816268136172732
1113,3031.545788396032,0.6402406946216745
1114,3034.2719986373954,0.6886915674361117
1115,3036.9982088787588,0.7288808525028284
1116,3039.724419120122,0.6395495816377492
1117,3042.4506293614854,0.7712159918811479
1118,3045.1768396028488,1.0510546477367735
1119,3047.9030498442125,1.4300071649192987
1120,3050.6292600855754,1.7345412019985798
1121,3053.3554703269388,1.7749634793975357
1122,3056.081680568302,1.5687923896772593
1123,3058.8078908096654,1.25940517838845
1124,3061.5341010510288,0.9484509301407624
1125,3064.260311292392,0.7919071065157605
1126,3066.9865215337554,0.688038575739208
1127,3069.7127317751188,0.6201142627859751
1128,3072.4389420164825,0.6301419713564063
1129,3075.1651522578454,0.4516502775649696
1130,3077.8913624992088,0.4769827044145193
1131,3080.617572740572,0.5585957949432353
1132,3083.3437829819354,0.9389796379294635
1133,3086.069993223299,1.2812041130072018
1134,3088.796203464662,0.9004433789326551
1135,3091.5224137060254,0.434196065478089
1136,3094.2486239473888,0.22433147693544425
1137,3096.9748341887525,0.11108643692454916
1138,3099.7010444301154,0.23358375830484468
1139,3102.4272546714787,0.3992523435577057
1140,3105.153464912842,0.037175169591695104
1141,3107.879675154206,-0.08700460476985027
1142,3110.605885395569,-0.05800613882593063
1143,3113.332095636932,0.35125567000224683
1144,3116.0583058782954,1.5855291546256358
1145,3118.7845161196587,1.3784483312663431
1146,3121.5107263610225,1.0990944536082128
1147,3124.236936602386,0.3716531265235447
1148,3126.9631468437487,0.15637183389992695
1149,3129.689357085112,0.041451932352212575
1150,3132.415567326476,-0.01010812087288391
1151,3135.141777567839,-0.11607805461452175
1152,3137.8679878092025,-0.15252638783901223
1153,3140.5941980505654,-0.10391034935979764
1154,3143.3204082919287,-0.06619426970802754
1155,3146.0466185332925,-0.0699695463822443
1156,3148.772828774656,-0.05533433115410597
1157,3151.4990390160187,-0.02984529594516348
1158,3154.225249257382,-0.018077548034561776
1159,3156.951459498746,-0.08626049354261375
1160,3159.677669740109,-0.06307086955828146
1161,3162.4038799814725,0.09054890347324027
1162,3165.1300902228354,0.07373801941666512
1163,3167.8563004641987,0.0016713646296327663
1164,3170.5825107055625,-0.02146264833827198
1165,3173.308720946926,0.0004377806981600617
1166,3176.034931188289,0.0721480970407867
1167,3178.761141429652,0.1306076357021018
1168,3181.487351671016,0.15656185983302637
1169,3184.213561912379,0.14643554558633515
1170,3186.9397721537425,0.1409364171088728
1171,3189.6659823951054,0.2234372199958031
1172,3192.3921926364687,0.33842137123713123
1173,3195.1184028778325,0.46165842715862787
1174,3197.844613119196,0.5644479320222502
1175,3200.570823360559,0.5828105185123069
1176,3203.297033601922,0.49633968922782545
1177,3206.023243843286,0.3840986491807513
1178,3208.749454084649,0.21755674545040396
1179,3211.4756643260125,0.08920181226104526
1180,3214.201874567376,0.01634790477625084
1181,3216.9280848087387,0.01602375081601285
1182,3219.6542950501025,0.040143273720507286
1183,3222.380505291466,0.031530610932266986
1184,3225.106715532829,0.048023522334039344
1185,3227.8329257741925,0.07172046488536553
1186,3230.559136015556,0.11665278528852446
1187,3233.285346256919,0.07665227563657458
1188,3236.0115564982825,-0.11419996228383497
1189,3238.737766739646,-0.21716768927987912
1190,3241.463976981009,-0.14073002803511436
1191,3244.1901872223725,0.11794709631221367
1192,3246.916397463736,0.6318077261193364
1193,3249.642607705099,1.611799121849952
1194,3252.3688179464625,1.4311267121478315
1195,3255.095028187826,-0.019058289240948476
1196,3257.821238429189,0.10847375204692128
1197,3260.5474486705525,0.16814713808052895
1198,3263.273658911916,0.14032864771628656
1199,3265.9998691532796,0.1225747497258888
1200,3268.7260793946425,0.08619559750459278
1201,3271.452289636006,-0.026298683964645842
1202,3274.178499877369,-0.19212976791281822
1203,3276.9047101187325,-0.12237318337230713
1204,3279.630920360096,-0.0495631631246675
1205,3282.357130601459,0.08890804546700587
1206,3285.0833408428225,0.36014988470852816
1207,3287.809551084186,-0.09484086113668205
1208,3290.5357613255496,-0.3317993461875384
1209,3293.2619715669125,0.025624612809832074
1210,3295.988181808276,0.35833754777332155
1211,3298.714392049639,0.4218943899579849
1212,3301.4406022910025,0.47372244013347
1213,3304.1668125323663,0.47154183029846153
1214,3306.893022773729,0.47460537276731346
1215,3309.6192330150925,0.45061186522617397
1216,3312.345443256456,0.3321196388473382
1217,3315.0716534978196,0.24875629448278153
1218,3317.7978637391825,0.24818431625674875
1219,3320.524073980546,0.24103682505245988
1220,3323.250284221909,0.2343901741896296
1221,3325.9764944632725,0.29808270291469197
1222,3328.7027047046363,0.2537359928080161
1223,3331.428914945999,0.18496089079812594
1224,3334.1551251873625,0.1561192898421648
1225,3336.881335428726,0.21853972665595933
1226,3339.6075456700896,0.297440199164579
1227,3342.333755911453,0.5660917733731585
1228,3345.059966152816,0.8714428023286525
1229,3347.786176394179,1.2319299572103755
1230,3350.5123866355425,0.7723155929657046
1231,3353.2385968769063,-0.12207139273849846
1232,3355.9648071182696,-0.5449046569353647
1233,3358.6910173596325,-0.25393769005832423
1234,3361.417227600996,-0.08522860681043397
1235,3364.1434378423596,0.0620844557032047
1236,3366.869648083723,0.5641119227529662
1237,3369.595858325086,1.2850916268516053
1238,3372.322068566449,1.9153044750639647
1239,3375.0482788078125,2.240257147328418
1240,3377.7744890491763,2.298334524670917
1241,3380.5006992905396,2.312383603225536
1242,3383.2269095319025,2.306570077497625
1243,3385.953119773266,2.204205162505221
1244,3388.6793300146296,2.077509084351438
1245,3391.405540255993,2.113093869523004
1246,3394.1317504973563,2.184669439625573
1247,3396.857960738719,1.8415492974129912
1248,3399.584170980083,1.4344818913485327
1249,3402.3103812214463,1.661565339076882
1250,3405.0365914628096,1.989481566684601
1251,3407.7628017041725,3.0710989786819933
1252,3410.489011945536,1.4313833099207534
1253,3413.2152221868996,2.1543680604041775
1254,3415.941432428263,2.875713969294143
1255,3418.6676426696263,3.5705040654523543
1256,3421.393852910989,2.8922521479374836
1257,3424.120063152353,1.9268955358216657
1258,3426.8462733937163,2.5291096373799133
1259,3429.5724836350796,2.0101861489853476
1260,3432.298693876443,1.8046628965640445
1261,3435.024904117806,1.671026437237889
1262,3437.7511143591696,1.8169402071745062
1263,3440.477324600533,1.4906695878870173
1264,3443.2035348418963,1.0762709945719946
1265,3445.9297450832596,0.8926997681811079
1266,3448.655955324623,0.7130765539574554
1267,3451.3821655659863,0.5889909267385101
1268,3454.1083758073496,0.5052482635966684
1269,3456.834586048713,0.4276108813253684
1270,3459.560796290076,0.4079389095638517
1271,3462.2870065314396,0.3988803336181216
1272,3465.013216772803,0.4016442080869959
1273,3467.7394270141663,0.40559934211648646
1274,3470.4656372555296,0.40042104382375365
1275,3473.191847496893,0.45957698181746753
1276,3475.9180577382563,0.5045334507605927
1277,3478.6442679796196,0.5738752877357015
1278,3481.370478220983,0.6961780695225468
1279,3484.0966884623463,0.6740535054982819
1280,3486.8228987037096,0.6291757233486084
1281,3489.549108945073,0.5538524819631024
1282,3492.2753191864363,0.5664916307339294
1283,3495.0015294277996,0.4845721587402089
1284,3497.727739669163,0.3904035123535321
1285,3500.4539499105263,0.3159385994671393
1286,3503.1801601518896,0.26656846776445425
1287,3505.906370393253,0.2239380501025405
1288,3508.6325806346163,0.18194399556611246
1289,3511.3587908759796,0.1351777224671028
1290,3514.085001117343,0.08949525168559466
1291,3516.8112113587063,0.05517969023901547
1292,3519.5374216000696,-0.0169794492351013
1293,3522.2636318414334,0.046452253063413745
1294,3524.9898420827963,0.09948707108527176
1295,3527.7160523241596,0.08018012585368117
1296,3530.442262565523,0.09926572844222284
1297,3533.1684728068863,0.08614086471717836
1298,3535.8946830482496,0.0754316762476116
1299,3538.620893289613,0.039209926740761056
1300,3541.3471035309763,0.023921960473254417
1301,3544.0733137723396,0.012659032783861678
1302,3546.7995240137034,0.0040301293324148495
1303,3549.5257342550663,-0.0026356626775391
1304,3552.2519444964296,-0.00966969250628434
1305,3554.978154737793,-0.02098639719759665
1306,3557.7043649791563,-0.030988247384495262
1307,3560.43057522052,-0.02964611650360857
1308,3563.156785461883,-0.03409096948027256
1309,3565.8829957032463,-0.03399477030997413
1310,3568.6092059446096,-0.010570597563619947
1311,3571.3354161859734,0.011658859973243117
1312,3574.0616264273367,0.033953509938614526
1313,3576.7878366686996,0.045714806954886555
1314,3579.514046910063,0.03507413974128637
1315,3582.2402571514267,0.022696379868266968
1316,3584.96646739279,0.026894296442885532
1317,3587.692677634153,0.04225697265019257
1318,3590.4188878755162,0.03173437291489534
1319,3593.1450981168796,0.01865324503384735
1320,3595.8713083582434,0.028690985247979084
1321,3598.5975185996067,0.014129749367184584
1322,3601.3237288409696,-0.005003667529377284
1323,3604.049939082333,-0.0503123706977433
1324,3606.7761493236967,-0.029016581031737362
1325,3609.50235956506,-0.03857028809125378
1326,3612.2285698064234,-0.011085468774011113
1327,3614.9547800477862,0.00015014385992108718
1328,3617.6809902891496,-0.04400579819775636
1329,3620.4072005305134,-0.08234326140223458
1330,3623.1334107718767,-0.09957424361902878
1331,3625.8596210132396,-0.0846369420749532
1332,3628.585831254603,-0.06388409867411779
1333,3631.3120414959667,-0.031660259507812136
1334,3634.03825173733,-0.006732934750805506
1335,3636.7644619786934,-0.007245290546656902
1336,3639.4906722200562,-0.03537025155018249
1337,3642.2168824614196,-0.05169958865002526
1338,3644.9430927027834,0.001181337683189003
1339,3647.6693029441467,0.04321420862545877
1340,3650.39551318551,0.06227084141679842
1341,3653.121723426873,0.011854557155775013
1342,3655.8479336682367,-0.02844564597536554
1343,3658.5741439096,-0.07139444652376
1344,3661.3003541509634,-0.06877195600370974
1345,3664.0265643923267,-0.033553589100677204
1346,3666.7527746336896,0.047679871156356364
1347,3669.4789848750534,0.029945026370356554
1348,3672.2051951164167,-0.03271204837413883
1349,3674.93140535778,-0.054912445707497884
1350,3677.657615599143,-0.05022721343370039
1351,3680.3838258405067,-0.03804212866617297
1352,3683.11003608187,-0.054352713502478965
1353,3685.8362463232334,-0.0570201171198533
1354,3688.5624565645967,0.017368395698848564
1355,3691.2886668059596,0.04365448999802787
1356,3694.0148770473234,0.0027772843118431052
1357,3696.7410872886867,-0.033404715582769695
1358,3699.46729753005,-0.017722231521441967
1359,3702.1935077714134,-0.007526461423723026
1360,3704.9197180127767,0.03205907318895587
1361,3707.64592825414,0.028998127459162727
1362,3710.3721384955033,0.013758712909616057
1363,3713.0983487368667,-0.038458516622509445
1364,3715.82455897823,-0.09332429330227339
1365,3718.5507692195933,-0.07969209163020291
1366,3721.2769794609567,-0.06167292627286866
1367,3724.00318970232,-0.06647884489913809
1368,3726.7293999436833,-0.07335319648084641
1369,3729.4556101850467,-0.0982432286366016
1370,3732.18182042641,-0.054842852789778
1371,3734.9080306677733,-0.03886285662211113
1372,3737.6342409091367,-0.08059068634358814
1373,3740.3604511505005,-0.10622779321560949
1374,3743.0866613918633,-0.09686224224942841
1375,3745.8128716332267,-0.1294981472394908
1376,3748.53908187459,-0.15927577672566795
1377,3751.2652921159533,-0.10085598258879992
1378,3753.991502357317,-0.034229787259263594
1379,3756.71771259868,-0.01253863203481687
1380,3759.4439228400433,-0.03446705542226824
1381,3762.1701330814067,-0.07889454638358565
1382,3764.8963433227705,-0.10319165647830728
1383,3767.6225535641333,-0.10429095547786647
1384,3770.3487638054967,-0.10768486010708021
1385,3773.07497404686,-0.07975010220081159
1386,3775.8011842882233,-0.05323256311746688
1387,3778.527394529587,-0.08038622363851515
1388,3781.25360477095,-0.07444457105156232
1389,3783.9798150123133,-0.11809078913001683
1390,3786.7060252536767,-0.10485073451091581
1391,3789.4322354950405,-0.07399548846462915
1392,3792.158445736404,-0.02651924741014046
1393,3794.8846559777667,0.007522098432555732
1394,3797.61086621913,0.013391557327352043
1395,3800.3370764604933,-0.05684588711332043
1396,3803.063286701857,-0.06835315675662136
1397,3805.78949694322,-0.10184696184153917
1398,3808.5157071845833,-0.08860487404450226
1399,3811.2419174259467,-0.07417392294148996
1400,3813.9681276673105,-0.06123367760509474
1401,3816.694337908674,-0.024091579213501434
1402,3819.4205481500367,-0.04218584922862201
1403,3822.1467583914,-0.10127731850314042
1404,3824.8729686327633,-0.09789389386081657
1405,3827.599178874127,-0.11121964181694549
1406,3830.3253891154905,-0.07181208422466279
1407,3833.0515993568533,-0.01819544569114982
1408,3835.7778095982167,0.031491939706131025
1409,3838.5040198395805,0.08714642105177531
1410,3841.230230080944,0.016798398627059466
1411,3843.9564403223067,-0.0535313929274911
1412,3846.68265056367,-0.055615509590917434
1413,3849.4088608050333,-0.012629164386007592
1414,3852.135071046397,-0.059524997102127775
1415,3854.8612812877604,-0.07645260624356193
1416,3857.5874915291233,-0.08310053972951947
1417,3860.3137017704867,-0.1375138130982069
1418,3863.0399120118504,-0.07479482310462295
1419,3865.766122253214,-0.07858604065816172
1420,3868.492332494577,-0.04405495560598048
1421,3871.21854273594,0.008660812436787972
1422,3873.944752977304,-0.05324350051115292
1423,3876.670963218667,-0.03226718523368553
1424,3879.3971734600304,-0.010977702698177803
1425,3882.123383701394,0.037509090593200296
1426,3884.8495939427567,-0.06296049928933686
1427,3887.5758041841204,-0.06762687819409383
1428,3890.302014425484,0.03379551241601188
1429,3893.028224666847,0.06802325632811981
1430,3895.75443490821,0.0942269062201339
1431,3898.480645149574,0.1765301479866615
1432,3901.206855390937,0.09268325564961011
1433,3903.9330656323004,0.0568146397173631
1434,3906.659275873664,0.006406279787995388
1435,3909.3854861150267,0.04995237033477398
1436,3912.1116963563904,0.03221328783939756
1437,3914.8379065977538,0.07732993082575765
1438,3917.564116839117,0.16097862010168656
1439,3920.2903270804804,0.13724583068620383
1440,3923.0165373218438,0.17488245162652982
1441,3925.742747563207,0.12789836505096952
1442,3928.4689578045704,0.2299057897390274
1443,3931.1951680459338,0.16764333542176757
1444,3933.9213782872966,0.08411782684477646
1445,3936.6475885286604,0.07743754245497982
1446,3939.3737987700238,0.07617985019600891
1447,3942.100009011387,0.13097663710533172
1448,3944.8262192527504,0.16025372980904007
1449,3947.5524294941138,0.08816637377550791
1450,3950.278639735477,0.043585802167039285
1451,3953.0048499768404,0.04139061803219506
